PLAYER_NAME,STAT,MEAN,STD
Precious Achiuwa,PTS,1.8571428571428572,2.0354009783964297
Precious Achiuwa,REB,3.7142857142857144,1.9760470401187074
Precious Achiuwa,AST,0.42857142857142855,0.7867957924694431
Precious Achiuwa,PRA,6.0,3.6514837167011076
Bam Adebayo,PTS,15.142857142857142,4.634241089562614
Bam Adebayo,REB,8.142857142857142,3.532165125838609
Bam Adebayo,AST,3.4285714285714284,2.370453040886408
Bam Adebayo,PRA,26.714285714285715,8.320943169983511
Ochai Agbaji,PTS,5.428571428571429,3.779644730092272
Ochai Agbaji,REB,3.2857142857142856,2.7516228977511745
Ochai Agbaji,AST,1.5714285714285714,0.7867957924694431
Ochai Agbaji,PRA,10.285714285714286,5.313952882562588
Santi Aldama,PTS,12.142857142857142,8.55235974119758
Santi Aldama,REB,7.428571428571429,3.644957377763735
Santi Aldama,AST,2.7142857142857144,1.1126972805283737
Santi Aldama,PRA,22.285714285714285,11.714866419985132
Nickeil Alexander-Walker,PTS,12.142857142857142,6.644009116704849
Nickeil Alexander-Walker,REB,2.142857142857143,1.7728105208558367
Nickeil Alexander-Walker,AST,2.7142857142857144,1.3801311186847083
Nickeil Alexander-Walker,PRA,17.0,9.018499505645789
Grayson Allen,PTS,14.142857142857142,6.4402011207873375
Grayson Allen,REB,4.857142857142857,2.0354009783964297
Grayson Allen,AST,2.0,1.4142135623730951
Grayson Allen,PRA,21.0,7.416198487095663
Jarrett Allen,PTS,18.428571428571427,5.623081683476385
Jarrett Allen,REB,9.857142857142858,2.9113897843110044
Jarrett Allen,AST,3.2857142857142856,1.4960264830861911
Jarrett Allen,PRA,31.571428571428573,7.480132415430957
Jose Alvarado,PTS,8.142857142857142,5.11300861947808
Jose Alvarado,REB,3.0,2.0816659994661326
Jose Alvarado,AST,2.2857142857142856,1.9760470401187076
Jose Alvarado,PRA,13.428571428571429,7.207800007795788
Kyle Anderson,PTS,3.7142857142857144,2.7516228977511745
Kyle Anderson,REB,1.5714285714285714,1.1338934190276817
Kyle Anderson,AST,2.857142857142857,1.3451854182690985
Kyle Anderson,PRA,8.142857142857142,3.933978962347216
Giannis Antetokounmpo,PTS,28.428571428571427,7.955231881329059
Giannis Antetokounmpo,REB,13.714285714285714,4.820590756130958
Giannis Antetokounmpo,AST,8.0,2.23606797749979
Giannis Antetokounmpo,PRA,50.142857142857146,12.428845098245874
Thanasis Antetokounmpo,PTS,1.1428571428571428,1.5735915849388862
Thanasis Antetokounmpo,REB,0.42857142857142855,0.5345224838248487
Thanasis Antetokounmpo,AST,0.5714285714285714,0.5345224838248488
Thanasis Antetokounmpo,PRA,2.142857142857143,1.6761634196950517
Cole Anthony,PTS,8.285714285714286,7.476948702830714
Cole Anthony,REB,2.0,1.9148542155126762
Cole Anthony,AST,2.4285714285714284,2.29906813420444
Cole Anthony,PRA,12.714285714285714,10.22601723895616
OG Anunoby,PTS,11.428571428571429,7.25389878748302
OG Anunoby,REB,3.4285714285714284,1.9880595947760098
OG Anunoby,AST,1.4285714285714286,1.3972762620115438
OG Anunoby,PRA,16.285714285714285,6.550172662209898
Deni Avdija,PTS,18.857142857142858,8.933617621631441
Deni Avdija,REB,7.571428571428571,4.07664661444276
Deni Avdija,AST,3.857142857142857,2.6726124191242437
Deni Avdija,PRA,30.285714285714285,13.96082955646841
Deandre Ayton,PTS,23.0,8.888194417315589
Deandre Ayton,REB,11.571428571428571,4.503966505838413
Deandre Ayton,AST,1.8571428571428572,0.8997354108424372
Deandre Ayton,PRA,36.42857142857143,13.100345324419797
Marvin Bagley III,PTS,11.571428571428571,5.223572942509207
Marvin Bagley III,REB,7.0,3.4641016151377544
Marvin Bagley III,AST,0.7142857142857143,1.4960264830861911
Marvin Bagley III,PRA,19.285714285714285,6.369570517030844
LaMelo Ball,PTS,22.285714285714285,5.936168397046637
LaMelo Ball,REB,4.428571428571429,2.9920529661723827
LaMelo Ball,AST,7.571428571428571,2.699206232527312
LaMelo Ball,PRA,34.285714285714285,5.648430038936652
Paolo Banchero,PTS,25.285714285714285,4.990467102863409
Paolo Banchero,REB,8.428571428571429,3.4086724129853865
Paolo Banchero,AST,6.142857142857143,1.3451854182690985
Paolo Banchero,PRA,39.857142857142854,6.12178000880385
Desmond Bane,PTS,20.0,8.621678104251709
Desmond Bane,REB,3.7142857142857144,2.751622897751175
Desmond Bane,AST,5.857142857142857,4.6700667885506535
Desmond Bane,PRA,29.571428571428573,13.26470432962533
Dominick Barlow,PTS,2.2857142857142856,2.4299715851758235
Dominick Barlow,REB,2.857142857142857,1.5735915849388864
Dominick Barlow,AST,0.8571428571428571,1.864454471471609
Dominick Barlow,PRA,6.0,4.242640687119285
Harrison Barnes,PTS,10.428571428571429,7.742892285985963
Harrison Barnes,REB,4.0,2.449489742783178
Harrison Barnes,AST,1.5714285714285714,1.7182493859684491
Harrison Barnes,PRA,16.0,11.195237082497776
Scottie Barnes,PTS,17.714285714285715,7.296444013222827
Scottie Barnes,REB,9.571428571428571,2.9920529661723827
Scottie Barnes,AST,7.428571428571429,3.408672412985386
Scottie Barnes,PRA,34.714285714285715,10.483547200483333
RJ Barrett,PTS,26.142857142857142,4.450789122113494
RJ Barrett,REB,6.428571428571429,2.878491668515698
RJ Barrett,AST,5.0,2.449489742783178
RJ Barrett,PRA,37.57142857142857,6.827814263660636
Charles Bassey,PTS,2.7142857142857144,4.029651999626672
Charles Bassey,REB,4.428571428571429,5.255382728122436
Charles Bassey,AST,1.4285714285714286,1.3972762620115438
Charles Bassey,PRA,8.571428571428571,9.606545387688245
Nicolas Batum,PTS,4.571428571428571,3.9520940802374147
Nicolas Batum,REB,4.0,1.632993161855452
Nicolas Batum,AST,2.5714285714285716,2.5071326821120348
Nicolas Batum,PRA,11.142857142857142,3.5790395093549625
Bradley Beal,PTS,22.142857142857142,10.286375640113665
Bradley Beal,REB,5.571428571428571,2.14919697074224
Bradley Beal,AST,4.285714285714286,1.6035674514745464
Bradley Beal,PRA,32.0,10.311805532172013
Saddiq Bey,PTS,14.571428571428571,7.7213371652225895
Saddiq Bey,REB,6.571428571428571,2.29906813420444
Saddiq Bey,AST,1.5714285714285714,1.1338934190276817
Saddiq Bey,PRA,22.714285714285715,6.824326235712106
Goga Bitadze,PTS,2.142857142857143,2.193062655175134
Goga Bitadze,REB,1.7142857142857142,1.7043362064926932
Goga Bitadze,AST,0.2857142857142857,0.48795003647426655
Goga Bitadze,PRA,4.142857142857143,3.132015933791495
Bismack Biyombo,PTS,2.2857142857142856,2.690370836538197
Bismack Biyombo,REB,2.0,2.8284271247461903
Bismack Biyombo,AST,0.14285714285714285,0.37796447300922725
Bismack Biyombo,PRA,4.428571428571429,5.472876844254852
Anthony Black,PTS,2.857142857142857,2.4784787961282104
Anthony Black,REB,0.42857142857142855,0.5345224838248487
Anthony Black,AST,0.42857142857142855,0.5345224838248487
Anthony Black,PRA,3.7142857142857144,3.147183169877773
Bogdan Bogdanović,PTS,15.714285714285714,3.6384193323605842
Bogdan Bogdanović,REB,2.7142857142857144,2.138089935299395
Bogdan Bogdanović,AST,3.0,2.3804761428476167
Bogdan Bogdanović,PRA,21.428571428571427,5.028490259085154
Devin Booker,PTS,24.428571428571427,10.799029938797633
Devin Booker,REB,2.7142857142857144,1.2535663410560174
Devin Booker,AST,7.142857142857143,2.9113897843110044
Devin Booker,PRA,34.285714285714285,9.304376850247875
Chris Boucher,PTS,8.142857142857142,5.27347359996462
Chris Boucher,REB,4.571428571428571,3.1547394428670255
Chris Boucher,AST,0.7142857142857143,0.9511897312113419
Chris Boucher,PRA,13.428571428571429,9.0527554342521
Malaki Branham,PTS,14.142857142857142,6.4402011207873375
Malaki Branham,REB,2.5714285714285716,0.9759000729485333
Malaki Branham,AST,1.8571428571428572,1.0690449676496976
Malaki Branham,PRA,18.571428571428573,6.425396041156863
Christian Braun,PTS,9.428571428571429,4.894116973712515
Christian Braun,REB,4.714285714285714,3.1471831698777724
Christian Braun,AST,3.5714285714285716,2.2253945610567474
Christian Braun,PRA,17.714285714285715,7.846746368491118
Mikal Bridges,PTS,11.571428571428571,5.094347941825426
Mikal Bridges,REB,2.7142857142857144,2.563479777846623
Mikal Bridges,AST,3.142857142857143,1.6761634196950514
Mikal Bridges,PRA,17.428571428571427,6.948792289723034
Miles Bridges,PTS,20.142857142857142,9.15475416434127
Miles Bridges,REB,6.285714285714286,2.984084768360628
Miles Bridges,AST,3.7142857142857144,1.9760470401187076
Miles Bridges,PRA,30.142857142857142,12.171395036841798
Dillon Brooks,PTS,13.142857142857142,8.315218406202998
Dillon Brooks,REB,3.142857142857143,2.1157009420498154
Dillon Brooks,AST,1.4285714285714286,1.2724180205607036
Dillon Brooks,PRA,17.714285714285715,9.793097666456815
Bruce Brown,PTS,10.142857142857142,5.871642911161277
Bruce Brown,REB,2.7142857142857144,2.214669705568283
Bruce Brown,AST,2.5714285714285716,2.370453040886408
Bruce Brown,PRA,15.428571428571429,9.289010404005062
Jaylen Brown,PTS,19.571428571428573,4.7207747548166585
Jaylen Brown,REB,5.0,3.1622776601683795
Jaylen Brown,AST,3.0,1.8257418583505538
Jaylen Brown,PRA,27.571428571428573,5.50324579550235
Kobe Brown,PTS,3.4285714285714284,3.644957377763735
Kobe Brown,REB,2.142857142857143,2.340126166724879
Kobe Brown,AST,1.1428571428571428,1.5735915849388862
Kobe Brown,PRA,6.714285714285714,7.387247699341654
Jalen Brunson,PTS,38.142857142857146,5.17779140266618
Jalen Brunson,REB,4.0,2.6457513110645907
Jalen Brunson,AST,8.571428571428571,2.63673679998231
Jalen Brunson,PRA,50.714285714285715,5.822779568622009
Thomas Bryant,PTS,10.857142857142858,9.007933011676826
Thomas Bryant,REB,6.571428571428571,3.9520940802374147
Thomas Bryant,AST,0.7142857142857143,1.1126972805283737
Thomas Bryant,PRA,18.142857142857142,12.75968353093147
Jimmy Butler III,PTS,19.285714285714285,5.765248931147314
Jimmy Butler III,REB,4.857142857142857,1.9518001458970664
Jimmy Butler III,AST,5.571428571428571,2.439750182371333
Jimmy Butler III,PRA,29.714285714285715,8.994707438530833
Jamal Cain,PTS,0.8571428571428571,1.4638501094227998
Jamal Cain,REB,0.2857142857142857,0.48795003647426666
Jamal Cain,AST,0.42857142857142855,1.1338934190276817
Jamal Cain,PRA,1.5714285714285714,2.439750182371333
Kentavious Caldwell-Pope,PTS,10.714285714285714,7.158079018709925
Kentavious Caldwell-Pope,REB,2.2857142857142856,1.4960264830861913
Kentavious Caldwell-Pope,AST,2.142857142857143,1.2149857925879117
Kentavious Caldwell-Pope,PRA,15.142857142857142,7.904188160474829
Toumani Camara,PTS,10.0,6.324555320336759
Toumani Camara,REB,4.571428571428571,2.370453040886408
Toumani Camara,AST,1.8571428571428572,1.9518001458970662
Toumani Camara,PRA,16.428571428571427,9.198861213163704
Clint Capela,PTS,12.142857142857142,4.845223470201398
Clint Capela,REB,11.428571428571429,2.9920529661723827
Clint Capela,AST,1.7142857142857142,1.1126972805283737
Clint Capela,PRA,25.285714285714285,5.2508502712826015
Jevon Carter,PTS,5.571428571428571,6.948792289723035
Jevon Carter,REB,0.8571428571428571,0.6900655593423541
Jevon Carter,AST,2.2857142857142856,4.347960660443228
Jevon Carter,PRA,8.714285714285714,11.51396667406279
Wendell Carter Jr.,PTS,9.285714285714286,3.5923198500080566
Wendell Carter Jr.,REB,5.285714285714286,3.8172540616821102
Wendell Carter Jr.,AST,1.2857142857142858,1.3801311186847083
Wendell Carter Jr.,PRA,15.857142857142858,8.315218406203
Alex Caruso,PTS,10.571428571428571,5.442338432975996
Alex Caruso,REB,4.0,1.5275252316519468
Alex Caruso,AST,5.857142857142857,2.4102953780654786
Alex Caruso,PRA,20.428571428571427,7.114706432386907
Colin Castleton,PTS,0.8571428571428571,1.5735915849388862
Colin Castleton,REB,0.42857142857142855,0.5345224838248487
Colin Castleton,AST,0.0,1.0
Colin Castleton,PRA,1.2857142857142858,1.6035674514745464
Julian Champagnie,PTS,12.857142857142858,4.2594432902501635
Julian Champagnie,REB,4.428571428571429,1.8126539343499317
Julian Champagnie,AST,2.5714285714285716,1.9880595947760098
Julian Champagnie,PRA,19.857142857142858,6.094494002200441
Justin Champagnie,PTS,5.285714285714286,4.750939756661683
Justin Champagnie,REB,4.0,2.516611478423583
Justin Champagnie,AST,1.5714285714285714,1.2724180205607034
Justin Champagnie,PRA,10.857142857142858,7.798046153333782
Max Christie,PTS,2.2857142857142856,4.386125310350269
Max Christie,REB,1.2857142857142858,2.563479777846623
Max Christie,AST,0.7142857142857143,1.1126972805283737
Max Christie,PRA,4.285714285714286,7.931252228038263
Sidy Cissoko,PTS,5.571428571428571,5.652643713553946
Sidy Cissoko,REB,2.2857142857142856,1.9760470401187076
Sidy Cissoko,AST,1.4285714285714286,1.9880595947760098
Sidy Cissoko,PRA,9.285714285714286,8.976158898517147
Brandon Clarke,PTS,11.333333333333334,4.179314138308661
Brandon Clarke,REB,5.333333333333333,2.581988897471611
Brandon Clarke,AST,1.5,1.378404875209022
Brandon Clarke,PRA,18.166666666666668,4.5789372857319925
Jordan Clarkson,PTS,15.857142857142858,12.32110075478339
Jordan Clarkson,REB,3.4285714285714284,3.5523298860110977
Jordan Clarkson,AST,5.714285714285714,2.4299715851758235
Jordan Clarkson,PRA,25.0,14.083086782851739
Nic Claxton,PTS,9.285714285714286,3.6384193323605842
Nic Claxton,REB,10.0,2.449489742783178
Nic Claxton,AST,2.142857142857143,1.3451854182690985
Nic Claxton,PRA,21.428571428571427,5.855400437691199
Noah Clowney,PTS,12.142857142857142,6.362090102803518
Noah Clowney,REB,6.428571428571429,2.760262237369417
Noah Clowney,AST,1.2857142857142858,0.7559289460184545
Noah Clowney,PRA,19.857142857142858,7.380798769522881
Amir Coffey,PTS,11.571428571428571,4.894116973712515
Amir Coffey,REB,4.142857142857143,1.7728105208558367
Amir Coffey,AST,1.1428571428571428,0.6900655593423543
Amir Coffey,PRA,16.857142857142858,6.12178000880385
John Collins,PTS,19.857142857142858,6.20291790016525
John Collins,REB,8.0,2.8284271247461903
John Collins,AST,0.8571428571428571,0.8997354108424372
John Collins,PRA,28.714285714285715,8.159131606453506
Zach Collins,PTS,13.428571428571429,5.028490259085155
Zach Collins,REB,6.857142857142857,1.5735915849388864
Zach Collins,AST,2.4285714285714284,0.5345224838248487
Zach Collins,PRA,22.714285714285715,5.677860093212517
Mike Conley,PTS,12.857142857142858,5.11300861947808
Mike Conley,REB,3.142857142857143,1.9518001458970664
Mike Conley,AST,4.571428571428571,2.9358214555806383
Mike Conley,PRA,20.571428571428573,6.704653678780207
Pat Connaughton,PTS,4.571428571428571,2.439750182371333
Pat Connaughton,REB,2.5714285714285716,1.9023794624226837
Pat Connaughton,AST,2.7142857142857144,2.4976179127511156
Pat Connaughton,PRA,9.857142857142858,5.5805785670356025
Bilal Coulibaly,PTS,10.285714285714286,2.7516228977511745
Bilal Coulibaly,REB,4.571428571428571,1.6183471874253743
Bilal Coulibaly,AST,1.8571428571428572,1.5735915849388864
Bilal Coulibaly,PRA,16.714285714285715,4.6084807950229365
Cade Cunningham,PTS,23.857142857142858,9.906707684334748
Cade Cunningham,REB,5.0,2.23606797749979
Cade Cunningham,AST,7.285714285714286,2.690370836538197
Cade Cunningham,PRA,36.142857142857146,9.26334301478272
Stephen Curry,PTS,25.857142857142858,7.128079952520442
Stephen Curry,REB,5.428571428571429,2.2253945610567474
Stephen Curry,AST,6.714285714285714,1.3801311186847083
Stephen Curry,PRA,38.0,5.228129047119374
Dyson Daniels,PTS,7.857142857142857,4.634241089562613
Dyson Daniels,REB,5.0,2.3804761428476167
Dyson Daniels,AST,3.0,2.23606797749979
Dyson Daniels,PRA,15.857142857142858,5.429197958832454
Anthony Davis,PTS,24.571428571428573,10.891237194141336
Anthony Davis,REB,12.285714285714286,4.270608298368657
Anthony Davis,AST,2.4285714285714284,1.8126539343499315
Anthony Davis,PRA,39.285714285714285,14.806690894257747
JD Davison,PTS,2.2857142857142856,2.429971585175824
JD Davison,REB,1.2857142857142858,1.6035674514745464
JD Davison,AST,1.4285714285714286,2.5727509827123995
JD Davison,PRA,5.0,6.137317546507322
DeMar DeRozan,PTS,30.142857142857142,5.871642911161277
DeMar DeRozan,REB,3.7142857142857144,1.3801311186847083
DeMar DeRozan,AST,6.571428571428571,1.902379462422684
DeMar DeRozan,PRA,40.42857142857143,5.255382728122436
Donte DiVincenzo,PTS,19.142857142857142,5.814595756329395
Donte DiVincenzo,REB,4.857142857142857,1.2149857925879117
Donte DiVincenzo,AST,3.142857142857143,1.5735915849388864
Donte DiVincenzo,PRA,27.142857142857142,6.06708528121402
Moussa Diabaté,PTS,3.0,3.6514837167011076
Moussa Diabaté,REB,3.0,2.943920288775949
Moussa Diabaté,AST,0.0,1.0
Moussa Diabaté,PRA,6.0,6.429100507328637
Gradey Dick,PTS,14.142857142857142,5.11300861947808
Gradey Dick,REB,3.7142857142857144,2.3603873774083293
Gradey Dick,AST,0.14285714285714285,0.3779644730092273
Gradey Dick,PRA,18.0,6.2182527020592095
Ousmane Dieng,PTS,2.857142857142857,4.634241089562614
Ousmane Dieng,REB,0.7142857142857143,0.7559289460184544
Ousmane Dieng,AST,1.8571428571428572,1.6761634196950514
Ousmane Dieng,PRA,5.428571428571429,6.078847008469694
Luka Dončić,PTS,33.285714285714285,8.01486713789413
Luka Dončić,REB,10.714285714285714,1.6035674514745464
Luka Dončić,AST,9.857142857142858,1.9518001458970664
Luka Dončić,PRA,53.857142857142854,8.050436249640377
Luguentz Dort,PTS,14.0,5.41602560309064
Luguentz Dort,REB,3.2857142857142856,2.4299715851758235
Luguentz Dort,AST,1.8571428571428572,1.0690449676496976
Luguentz Dort,PRA,19.142857142857142,5.984105932344765
Ayo Dosunmu,PTS,15.857142857142858,3.9761191895520196
Ayo Dosunmu,REB,3.5714285714285716,1.3972762620115438
Ayo Dosunmu,AST,3.7142857142857144,1.6035674514745462
Ayo Dosunmu,PRA,23.142857142857142,5.756983337031395
Andre Drummond,PTS,9.571428571428571,4.2370250120079485
Andre Drummond,REB,11.0,5.163977794943222
Andre Drummond,AST,0.42857142857142855,1.1338934190276817
Andre Drummond,PRA,21.0,8.755950357709132
Kris Dunn,PTS,5.571428571428571,3.598941643369749
Kris Dunn,REB,3.4285714285714284,2.63673679998231
Kris Dunn,AST,3.142857142857143,2.6095064302514777
Kris Dunn,PRA,12.142857142857142,5.490251100164468
Kevin Durant,PTS,23.571428571428573,5.380741673076394
Kevin Durant,REB,5.142857142857143,2.1930626551751344
Kevin Durant,AST,4.0,2.309401076758503
Kevin Durant,PRA,32.714285714285715,8.118174789000413
Jalen Duren,PTS,13.428571428571429,6.996597812678742
Jalen Duren,REB,9.285714285714286,5.2508502712826015
Jalen Duren,AST,1.7142857142857142,1.3801311186847083
Jalen Duren,PRA,24.428571428571427,12.053452380364487
Tari Eason,PTS,11.714285714285714,4.111540089159037
Tari Eason,REB,6.285714285714286,2.870208222079931
Tari Eason,AST,1.2857142857142858,0.7559289460184545
Tari Eason,PRA,19.285714285714285,5.765248931147313
Anthony Edwards,PTS,24.857142857142858,13.005493344846906
Anthony Edwards,REB,4.285714285714286,2.497617912751115
Anthony Edwards,AST,5.142857142857143,1.864454471471609
Anthony Edwards,PRA,34.285714285714285,14.25615990504088
Keon Ellis,PTS,11.571428571428571,8.038597366397177
Keon Ellis,REB,3.142857142857143,1.5735915849388864
Keon Ellis,AST,2.142857142857143,1.7728105208558367
Keon Ellis,PRA,16.857142857142858,10.542431272854339
Joel Embiid,PTS,28.142857142857142,7.335497516155521
Joel Embiid,REB,8.571428571428571,3.4086724129853865
Joel Embiid,AST,4.428571428571429,2.819996622760558
Joel Embiid,PRA,41.142857142857146,10.915257997081753
Drew Eubanks,PTS,3.0,2.3804761428476167
Drew Eubanks,REB,4.571428571428571,2.9920529661723827
Drew Eubanks,AST,0.7142857142857143,0.7559289460184544
Drew Eubanks,PRA,8.285714285714286,3.5923198500080566
Tosan Evbuomwan,PTS,6.857142857142857,2.7945525240230875
Tosan Evbuomwan,REB,4.285714285714286,1.889822365046136
Tosan Evbuomwan,AST,1.2857142857142858,1.1126972805283737
Tosan Evbuomwan,PRA,12.428571428571429,4.613644360558612
Danté Exum,PTS,4.714285714285714,5.529143565818179
Danté Exum,REB,4.0,2.449489742783178
Danté Exum,AST,3.142857142857143,1.864454471471609
Danté Exum,PRA,11.857142857142858,7.646972634722219
Dorian Finney-Smith,PTS,7.0,3.9157800414902435
Dorian Finney-Smith,REB,4.571428571428571,2.2253945610567474
Dorian Finney-Smith,AST,1.7142857142857142,0.9511897312113419
Dorian Finney-Smith,PRA,13.285714285714286,3.8606685826112948
Simone Fontecchio,PTS,17.0,8.0
Simone Fontecchio,REB,5.714285714285714,1.7994708216848745
Simone Fontecchio,AST,1.4285714285714286,1.1338934190276817
Simone Fontecchio,PRA,24.142857142857142,7.988086367179803
De'Aaron Fox,PTS,28.857142857142858,7.010196655077313
De'Aaron Fox,REB,5.142857142857143,1.9518001458970664
De'Aaron Fox,AST,5.0,2.309401076758503
De'Aaron Fox,PRA,39.0,8.406346808612328
Daniel Gafford,PTS,10.857142857142858,7.104659772022195
Daniel Gafford,REB,5.857142857142857,4.775931721614517
Daniel Gafford,AST,2.0,1.7320508075688772
Daniel Gafford,PRA,18.714285714285715,10.60996835864408
Darius Garland,PTS,16.285714285714285,8.459989868281674
Darius Garland,REB,3.0,1.8257418583505538
Darius Garland,AST,6.571428571428571,2.5727509827123995
Darius Garland,PRA,25.857142857142858,8.933617621631441
Luka Garza,PTS,4.142857142857143,6.12178000880385
Luka Garza,REB,1.0,1.1547005383792515
Luka Garza,AST,0.14285714285714285,0.37796447300922725
Luka Garza,PRA,5.285714285714286,7.341986237031633
Keyonte George,PTS,15.0,7.118052168020874
Keyonte George,REB,2.4285714285714284,1.2724180205607036
Keyonte George,AST,3.5714285714285716,1.618347187425374
Keyonte George,PRA,21.0,6.48074069840786
Paul George,PTS,24.714285714285715,11.96821186468953
Paul George,REB,5.142857142857143,3.4364987719368982
Paul George,AST,3.2857142857142856,2.214669705568283
Paul George,PRA,33.142857142857146,16.727507997592582
Josh Giddey,PTS,13.285714285714286,6.183695920571712
Josh Giddey,REB,7.857142857142857,3.532165125838609
Josh Giddey,AST,6.857142857142857,4.450789122113494
Josh Giddey,PRA,28.0,12.436505404118419
Shai Gilgeous-Alexander,PTS,22.714285714285715,9.123491395189411
Shai Gilgeous-Alexander,REB,4.428571428571429,2.439750182371333
Shai Gilgeous-Alexander,AST,4.428571428571429,2.0701966780270626
Shai Gilgeous-Alexander,PRA,31.571428571428573,11.544943234408487
Anthony Gill,PTS,10.714285714285714,4.990467102863409
Anthony Gill,REB,4.571428571428571,3.4086724129853865
Anthony Gill,AST,1.5714285714285714,1.3972762620115438
Anthony Gill,PRA,16.857142857142858,7.690439333539868
Collin Gillespie,PTS,6.571428571428571,6.267831705280087
Collin Gillespie,REB,2.0,1.4142135623730951
Collin Gillespie,AST,2.2857142857142856,2.563479777846623
Collin Gillespie,PRA,10.857142857142858,8.194074514114279
Rudy Gobert,PTS,15.857142857142858,7.033931367037247
Rudy Gobert,REB,13.428571428571429,4.928053803045811
Rudy Gobert,AST,2.0,1.2909944487358056
Rudy Gobert,PRA,31.285714285714285,10.499433091271891
Jordan Goodwin,PTS,12.428571428571429,6.023762469230862
Jordan Goodwin,REB,11.285714285714286,5.589105048046175
Jordan Goodwin,AST,4.714285714285714,1.4960264830861911
Jordan Goodwin,PRA,28.428571428571427,8.383657572069263
Aaron Gordon,PTS,13.714285714285714,5.992058236095666
Aaron Gordon,REB,6.0,1.4142135623730951
Aaron Gordon,AST,5.428571428571429,1.902379462422684
Aaron Gordon,PRA,25.142857142857142,5.5506327395643655
Eric Gordon,PTS,5.571428571428571,3.8234863173611098
Eric Gordon,REB,0.42857142857142855,0.5345224838248487
Eric Gordon,AST,1.1428571428571428,1.0690449676496974
Eric Gordon,PRA,7.142857142857143,2.734262327610589
Jerami Grant,PTS,16.142857142857142,7.335497516155521
Jerami Grant,REB,2.4285714285714284,2.14919697074224
Jerami Grant,AST,3.857142857142857,1.7728105208558367
Jerami Grant,PRA,22.428571428571427,10.146545271784921
AJ Green,PTS,4.714285714285714,2.751622897751175
AJ Green,REB,1.1428571428571428,1.6761634196950517
AJ Green,AST,0.42857142857142855,0.7867957924694431
AJ Green,PRA,6.285714285714286,4.820590756130958
Draymond Green,PTS,8.714285714285714,7.3646517390909425
Draymond Green,REB,7.142857142857143,2.734262327610589
Draymond Green,AST,7.0,3.605551275463989
Draymond Green,PRA,22.857142857142858,9.68553167407571
Jalen Green,PTS,15.857142857142858,7.537209285241045
Jalen Green,REB,5.428571428571429,2.5071326821120348
Jalen Green,AST,4.142857142857143,2.734262327610589
Jalen Green,PRA,25.428571428571427,10.643576198144789
Javonte Green,PTS,14.0,8.020806277010642
Javonte Green,REB,8.857142857142858,2.6095064302514777
Javonte Green,AST,0.5714285714285714,0.5345224838248488
Javonte Green,PRA,23.428571428571427,9.289010404005062
Jeff Green,PTS,8.428571428571429,2.5727509827124
Jeff Green,REB,2.4285714285714284,1.7182493859684491
Jeff Green,AST,1.4285714285714286,1.3972762620115438
Jeff Green,PRA,12.285714285714286,3.8172540616821107
Josh Green,PTS,5.285714285714286,3.147183169877773
Josh Green,REB,2.7142857142857144,1.7043362064926932
Josh Green,AST,1.4285714285714286,1.3972762620115438
Josh Green,PRA,9.428571428571429,4.2761798705987895
Quentin Grimes,PTS,6.285714285714286,5.0568200058365305
Quentin Grimes,REB,2.5714285714285716,2.14919697074224
Quentin Grimes,AST,2.2857142857142856,1.2535663410560174
Quentin Grimes,PRA,11.142857142857142,6.768273325562718
Mouhamed Gueye,PTS,4.0,7.4565407529228995
Mouhamed Gueye,REB,3.6666666666666665,3.8815804341359033
Mouhamed Gueye,AST,0.6666666666666666,1.2110601416389968
Mouhamed Gueye,PRA,8.333333333333334,10.966616007988364
Rui Hachimura,PTS,16.428571428571427,7.457817885886436
Rui Hachimura,REB,6.428571428571429,2.29906813420444
Rui Hachimura,AST,1.8571428571428572,1.5735915849388864
Rui Hachimura,PRA,24.714285714285715,8.400680244565233
Tyrese Haliburton,PTS,18.857142857142858,8.454359258760565
Tyrese Haliburton,REB,3.7142857142857144,1.4960264830861911
Tyrese Haliburton,AST,10.0,3.0550504633038935
Tyrese Haliburton,PRA,32.57142857142857,8.657504314314892
Tim Hardaway Jr.,PTS,8.142857142857142,4.413183712037204
Tim Hardaway Jr.,REB,2.142857142857143,1.0690449676496976
Tim Hardaway Jr.,AST,1.8571428571428572,1.2149857925879117
Tim Hardaway Jr.,PRA,12.142857142857142,5.639993245521116
James Harden,PTS,11.714285714285714,7.087883692477977
James Harden,REB,5.714285714285714,3.093772546815388
James Harden,AST,7.857142857142857,3.8047589248453675
James Harden,PRA,25.285714285714285,10.028530728448139
Jaden Hardy,PTS,6.857142857142857,8.474050024015895
Jaden Hardy,REB,3.0,2.0816659994661326
Jaden Hardy,AST,1.4285714285714286,1.1338934190276817
Jaden Hardy,PRA,11.285714285714286,10.980502200328935
Gary Harris,PTS,5.428571428571429,5.593363414414827
Gary Harris,REB,2.142857142857143,1.9518001458970664
Gary Harris,AST,2.142857142857143,1.8644544714716087
Gary Harris,PRA,9.714285714285714,8.199883855158879
Tobias Harris,PTS,17.714285714285715,3.352326839390103
Tobias Harris,REB,7.857142857142857,2.1157009420498154
Tobias Harris,AST,2.857142857142857,0.8997354108424372
Tobias Harris,PRA,28.428571428571427,3.994043183589901
Josh Hart,PTS,14.142857142857142,9.616454152970858
Josh Hart,REB,9.285714285714286,4.715728494951256
Josh Hart,AST,5.0,3.2145502536643185
Josh Hart,PRA,28.428571428571427,14.524199838627288
Isaiah Hartenstein,PTS,9.857142857142858,4.375255094603872
Isaiah Hartenstein,REB,7.857142857142857,4.488079449258574
Isaiah Hartenstein,AST,4.285714285714286,2.8702082220799308
Isaiah Hartenstein,PRA,22.0,7.724420150837645
Sam Hauser,PTS,11.142857142857142,4.845223470201398
Sam Hauser,REB,4.142857142857143,1.7728105208558367
Sam Hauser,AST,2.142857142857143,1.0690449676496976
Sam Hauser,PRA,17.428571428571427,4.720774754816659
Jordan Hawkins,PTS,2.0,2.23606797749979
Jordan Hawkins,REB,0.7142857142857143,1.1126972805283737
Jordan Hawkins,AST,0.14285714285714285,0.37796447300922725
Jordan Hawkins,PRA,2.857142857142857,3.132015933791495
Jaxson Hayes,PTS,6.571428571428571,6.553806600166117
Jaxson Hayes,REB,4.428571428571429,3.4086724129853865
Jaxson Hayes,AST,0.7142857142857143,0.9511897312113418
Jaxson Hayes,PRA,11.714285714285714,9.655987533033338
Scoot Henderson,PTS,19.428571428571427,5.503245795502349
Scoot Henderson,REB,3.4285714285714284,2.439750182371333
Scoot Henderson,AST,9.714285714285714,2.9277002188455996
Scoot Henderson,PRA,32.57142857142857,5.798193478924934
Taylor Hendricks,PTS,9.142857142857142,5.814595756329395
Taylor Hendricks,REB,4.285714285714286,1.9760470401187074
Taylor Hendricks,AST,1.5714285714285714,1.2724180205607036
Taylor Hendricks,PRA,15.0,6.8068592855540455
Tyler Herro,PTS,20.142857142857142,6.094494002200441
Tyler Herro,REB,5.285714285714286,1.2535663410560172
Tyler Herro,AST,4.714285714285714,2.288688541085317
Tyler Herro,PRA,30.142857142857142,6.25642526870234
Buddy Hield,PTS,9.857142857142858,6.362090102803518
Buddy Hield,REB,3.2857142857142856,2.2886885410853175
Buddy Hield,AST,1.2857142857142858,1.9760470401187076
Buddy Hield,PRA,14.428571428571429,9.692903638868023
Haywood Highsmith,PTS,6.428571428571429,4.99523582550223
Haywood Highsmith,REB,5.571428571428571,3.25868802112869
Haywood Highsmith,AST,1.5714285714285714,0.7867957924694432
Haywood Highsmith,PRA,13.571428571428571,6.6296591882525115
Aaron Holiday,PTS,6.0,6.244997998398398
Aaron Holiday,REB,0.8571428571428571,1.0690449676496976
Aaron Holiday,AST,1.2857142857142858,0.7559289460184545
Aaron Holiday,PRA,8.142857142857142,7.448234050846581
Jrue Holiday,PTS,9.714285714285714,3.946064947695181
Jrue Holiday,REB,5.285714285714286,2.3603873774083293
Jrue Holiday,AST,4.0,2.449489742783178
Jrue Holiday,PRA,19.0,6.8068592855540455
Chet Holmgren,PTS,15.0,4.654746681256314
Chet Holmgren,REB,8.285714285714286,1.3801311186847085
Chet Holmgren,AST,1.5714285714285714,1.1338934190276817
Chet Holmgren,PRA,24.857142857142858,6.229729031789731
Al Horford,PTS,9.714285714285714,4.0708019567928595
Al Horford,REB,5.428571428571429,2.14919697074224
Al Horford,AST,2.0,0.816496580927726
Al Horford,PRA,17.142857142857142,4.6700667885506535
Caleb Houstan,PTS,4.428571428571429,3.598941643369749
Caleb Houstan,REB,1.0,0.816496580927726
Caleb Houstan,AST,0.2857142857142857,0.48795003647426666
Caleb Houstan,PRA,5.714285714285714,3.773340063934768
Jett Howard,PTS,1.2857142857142858,1.6035674514745464
Jett Howard,REB,0.2857142857142857,0.48795003647426666
Jett Howard,AST,0.42857142857142855,0.5345224838248488
Jett Howard,PRA,2.0,1.7320508075688772
Kevin Huerter,PTS,4.428571428571429,5.287001130355558
Kevin Huerter,REB,2.2857142857142856,1.4960264830861911
Kevin Huerter,AST,2.2857142857142856,0.7559289460184545
Kevin Huerter,PRA,9.0,6.97614984548545
Jay Huff,PTS,0.5714285714285714,1.5118578920369092
Jay Huff,REB,0.14285714285714285,0.3779644730092273
Jay Huff,AST,0.14285714285714285,0.37796447300922725
Jay Huff,PRA,0.8571428571428571,1.4638501094227998
De'Andre Hunter,PTS,15.571428571428571,7.367883976130072
De'Andre Hunter,REB,4.571428571428571,3.598941643369749
De'Andre Hunter,AST,2.5714285714285716,1.2724180205607036
De'Andre Hunter,PRA,22.714285714285715,10.46763720098421
Bones Hyland,PTS,10.142857142857142,13.704361488574499
Bones Hyland,REB,3.0,3.265986323710904
Bones Hyland,AST,3.142857142857143,3.38765264987284
Bones Hyland,PRA,16.285714285714285,18.499678246880276
Joe Ingles,PTS,4.428571428571429,2.5727509827124
Joe Ingles,REB,2.2857142857142856,1.2535663410560174
Joe Ingles,AST,3.142857142857143,1.6761634196950517
Joe Ingles,PRA,9.857142857142858,3.7606990231680526
Brandon Ingram,PTS,14.285714285714286,5.154748157905347
Brandon Ingram,REB,5.285714285714286,1.2535663410560174
Brandon Ingram,AST,4.714285714285714,3.3523268393901033
Brandon Ingram,PRA,24.285714285714285,4.820590756130958
Kyrie Irving,PTS,27.714285714285715,9.428932172031036
Kyrie Irving,REB,5.0,2.7688746209726918
Kyrie Irving,AST,4.571428571428571,3.101458950082625
Kyrie Irving,PRA,37.285714285714285,9.375753937938107
Jonathan Isaac,PTS,5.571428571428571,4.2370250120079485
Jonathan Isaac,REB,5.285714285714286,3.147183169877773
Jonathan Isaac,AST,0.8571428571428571,0.8997354108424372
Jonathan Isaac,PRA,11.714285714285714,7.696628822938991
Jaden Ivey,PTS,16.571428571428573,8.734169352933012
Jaden Ivey,REB,2.7142857142857144,1.4960264830861911
Jaden Ivey,AST,4.857142857142857,2.6095064302514777
Jaden Ivey,PRA,24.142857142857142,9.754120008635178
GG Jackson,PTS,22.142857142857142,11.610750355146036
GG Jackson,REB,5.714285714285714,4.572172558506722
GG Jackson,AST,2.0,1.1547005383792515
GG Jackson,PRA,29.857142857142858,12.954131534360913
Isaiah Jackson,PTS,4.0,3.0550504633038935
Isaiah Jackson,REB,3.2857142857142856,2.811540841738193
Isaiah Jackson,AST,0.42857142857142855,0.7867957924694431
Isaiah Jackson,PRA,7.714285714285714,5.498917642417937
Andre Jackson Jr.,PTS,1.1428571428571428,2.0354009783964297
Andre Jackson Jr.,REB,1.7142857142857142,1.4960264830861911
Andre Jackson Jr.,AST,0.2857142857142857,0.4879500364742666
Andre Jackson Jr.,PRA,3.142857142857143,3.4364987719368982
Jaren Jackson Jr.,PTS,23.285714285714285,13.060299712159312
Jaren Jackson Jr.,REB,5.428571428571429,2.2253945610567474
Jaren Jackson Jr.,AST,3.0,1.2909944487358056
Jaren Jackson Jr.,PRA,31.714285714285715,13.780593670258257
Trayce Jackson-Davis,PTS,11.285714285714286,4.8550415622761225
Trayce Jackson-Davis,REB,6.571428571428571,3.4086724129853865
Trayce Jackson-Davis,AST,1.7142857142857142,1.7043362064926932
Trayce Jackson-Davis,PRA,19.571428571428573,6.679749068568939
LeBron James,PTS,30.0,6.733003292241386
LeBron James,REB,7.142857142857143,2.340126166724879
LeBron James,AST,9.714285714285714,4.191828786034631
LeBron James,PRA,46.857142857142854,7.4258236676383005
Jaime Jaquez Jr.,PTS,9.714285714285714,7.040698017343775
Jaime Jaquez Jr.,REB,3.2857142857142856,0.9511897312113419
Jaime Jaquez Jr.,AST,3.0,3.0550504633038935
Jaime Jaquez Jr.,PRA,16.0,10.115993936995679
Trey Jemison III,PTS,8.428571428571429,4.995235825502231
Trey Jemison III,REB,8.285714285714286,3.1997023671109215
Trey Jemison III,AST,1.5714285714285714,1.2724180205607034
Trey Jemison III,PRA,18.285714285714285,7.521398046336105
Isaiah Joe,PTS,7.571428571428571,4.7559486560567095
Isaiah Joe,REB,2.7142857142857144,1.1126972805283737
Isaiah Joe,AST,1.5714285714285714,1.3972762620115438
Isaiah Joe,PRA,11.857142857142858,5.047394424471945
Cameron Johnson,PTS,10.714285714285714,4.423960733486292
Cameron Johnson,REB,4.0,2.0
Cameron Johnson,AST,1.7142857142857142,1.2535663410560174
Cameron Johnson,PRA,16.428571428571427,6.827814263660635
Jalen Johnson,PTS,16.857142857142858,7.733661733585444
Jalen Johnson,REB,9.857142857142858,4.336994790119514
Jalen Johnson,AST,4.714285714285714,3.1471831698777724
Jalen Johnson,PRA,31.428571428571427,12.053452380364487
Keldon Johnson,PTS,14.0,5.686240703077327
Keldon Johnson,REB,5.0,1.632993161855452
Keldon Johnson,AST,2.0,1.8257418583505538
Keldon Johnson,PRA,21.0,5.656854249492381
Nikola Jokić,PTS,29.0,10.862780491200215
Nikola Jokić,REB,13.285714285714286,3.4016802570830453
Nikola Jokić,AST,8.285714285714286,2.690370836538197
Nikola Jokić,PRA,50.57142857142857,11.472534489773723
Colby Jones,PTS,3.0,3.2145502536643185
Colby Jones,REB,1.5714285714285714,1.511857892036909
Colby Jones,AST,0.8571428571428571,1.4638501094227998
Colby Jones,PRA,5.428571428571429,5.41162769282166
Herbert Jones,PTS,9.714285714285714,5.529143565818179
Herbert Jones,REB,4.0,1.8257418583505538
Herbert Jones,AST,2.857142857142857,1.7728105208558367
Herbert Jones,PRA,16.571428571428573,6.320789582985733
Tre Jones,PTS,12.428571428571429,2.9920529661723827
Tre Jones,REB,6.714285714285714,2.984084768360628
Tre Jones,AST,7.285714285714286,2.811540841738193
Tre Jones,PRA,26.428571428571427,6.078847008469695
Tyus Jones,PTS,9.428571428571429,6.451282633635548
Tyus Jones,REB,2.4285714285714284,2.0701966780270626
Tyus Jones,AST,8.285714285714286,3.8606685826112948
Tyus Jones,PRA,20.142857142857142,8.783100656536798
Derrick Jones Jr.,PTS,8.142857142857142,4.947341758580104
Derrick Jones Jr.,REB,2.7142857142857144,1.2535663410560174
Derrick Jones Jr.,AST,1.1428571428571428,1.3451854182690985
Derrick Jones Jr.,PRA,12.0,5.033222956847166
DeAndre Jordan,PTS,3.4285714285714284,5.223572942509206
DeAndre Jordan,REB,3.5714285714285716,3.3094381626464866
DeAndre Jordan,AST,0.8571428571428571,1.2149857925879117
DeAndre Jordan,PRA,7.857142857142857,8.629958891917763
Nikola Jović,PTS,13.0,8.0
Nikola Jović,REB,4.857142857142857,1.9518001458970664
Nikola Jović,AST,1.4285714285714286,1.2724180205607036
Nikola Jović,PRA,19.285714285714285,8.654753717163874
Johnny Juzang,PTS,10.571428571428571,7.849780100044053
Johnny Juzang,REB,2.2857142857142856,2.214669705568283
Johnny Juzang,AST,1.8571428571428572,0.8997354108424372
Johnny Juzang,PRA,14.714285714285714,7.825477316949762
Luke Kennard,PTS,10.428571428571429,6.294366339755545
Luke Kennard,REB,3.4285714285714284,0.9759000729485333
Luke Kennard,AST,5.571428571428571,2.760262237369417
Luke Kennard,PRA,19.428571428571427,8.263517065131182
Walker Kessler,PTS,7.857142857142857,3.933978962347216
Walker Kessler,REB,6.0,3.2145502536643185
Walker Kessler,AST,1.2857142857142858,0.9511897312113419
Walker Kessler,PRA,15.142857142857142,6.491753010001007
Corey Kispert,PTS,19.0,7.0
Corey Kispert,REB,4.142857142857143,1.9518001458970666
Corey Kispert,AST,4.285714285714286,2.563479777846623
Corey Kispert,PRA,27.428571428571427,6.996597812678742
Maxi Kleber,PTS,5.428571428571429,3.644957377763735
Maxi Kleber,REB,4.0,1.5275252316519468
Maxi Kleber,AST,1.5714285714285714,0.9759000729485332
Maxi Kleber,PRA,11.0,5.066228051190222
John Konchar,PTS,6.0,4.163331998932265
John Konchar,REB,6.857142857142857,3.023715784073818
John Konchar,AST,3.2857142857142856,0.951189731211342
John Konchar,PRA,16.142857142857142,4.947341758580104
Luke Kornet,PTS,6.571428571428571,5.349677337844557
Luke Kornet,REB,4.714285714285714,3.3523268393901033
Luke Kornet,AST,1.5714285714285714,1.8126539343499317
Luke Kornet,PRA,12.857142857142858,9.940297973880048
Vít Krejčí,PTS,5.0,6.48074069840786
Vít Krejčí,REB,2.857142857142857,2.193062655175134
Vít Krejčí,AST,2.2857142857142856,1.3801311186847083
Vít Krejčí,PRA,10.142857142857142,6.890296835129128
Jonathan Kuminga,PTS,13.0,7.3484692283495345
Jonathan Kuminga,REB,5.714285714285714,3.3022358947782493
Jonathan Kuminga,AST,3.142857142857143,1.9518001458970664
Jonathan Kuminga,PRA,21.857142857142858,8.952254305081885
Kyle Kuzma,PTS,19.142857142857142,7.1978832867395
Kyle Kuzma,REB,7.0,2.943920288775949
Kyle Kuzma,AST,4.714285714285714,2.4976179127511156
Kyle Kuzma,PRA,30.857142857142858,8.09173593712687
Jake LaRavia,PTS,18.857142857142858,10.237652260627131
Jake LaRavia,REB,4.0,1.8257418583505538
Jake LaRavia,AST,2.5714285714285716,1.8126539343499315
Jake LaRavia,PRA,25.428571428571427,12.313368654395417
Zach LaVine,PTS,15.571428571428571,7.207800007795788
Zach LaVine,REB,5.857142857142857,3.7161167647860327
Zach LaVine,AST,5.285714285714286,1.7043362064926932
Zach LaVine,PRA,26.714285714285715,11.672107574816781
Jock Landale,PTS,10.428571428571429,4.859943170351647
Jock Landale,REB,3.4285714285714284,2.14919697074224
Jock Landale,AST,2.5714285714285716,1.1338934190276817
Jock Landale,PRA,16.428571428571427,5.503245795502348
A.J. Lawson,PTS,2.2857142857142856,4.386125310350269
A.J. Lawson,REB,2.142857142857143,2.410295378065479
A.J. Lawson,AST,0.8571428571428571,0.8997354108424372
A.J. Lawson,PRA,5.285714285714286,6.848705126136028
Caris LeVert,PTS,17.857142857142858,4.740906081772816
Caris LeVert,REB,5.0,1.8257418583505538
Caris LeVert,AST,3.142857142857143,1.7728105208558367
Caris LeVert,PRA,26.0,6.782329983125268
Kawhi Leonard,PTS,23.0,3.9157800414902435
Kawhi Leonard,REB,6.428571428571429,2.63673679998231
Kawhi Leonard,AST,3.0,1.0
Kawhi Leonard,PRA,32.42857142857143,5.711308748355988
E.J. Liddell,PTS,0.5714285714285714,1.511857892036909
E.J. Liddell,REB,0.42857142857142855,0.7867957924694431
E.J. Liddell,AST,0.14285714285714285,0.3779644730092273
E.J. Liddell,PRA,1.1428571428571428,1.5735915849388862
Damian Lillard,PTS,23.285714285714285,8.159131606453506
Damian Lillard,REB,4.571428571428571,0.9759000729485331
Damian Lillard,AST,6.142857142857143,2.2677868380553634
Damian Lillard,PRA,34.0,10.408329997330663
Dereck Lively II,PTS,8.0,4.618802153517006
Dereck Lively II,REB,6.428571428571429,2.5727509827123995
Dereck Lively II,AST,0.7142857142857143,0.7559289460184544
Dereck Lively II,PRA,15.142857142857142,6.593647736738025
Isaiah Livers,PTS,5.714285714285714,3.5456210417116734
Isaiah Livers,REB,2.142857142857143,2.1157009420498154
Isaiah Livers,AST,0.8571428571428571,0.6900655593423541
Isaiah Livers,PRA,8.714285714285714,5.468524655221178
Chris Livingston,PTS,1.2857142857142858,2.214669705568283
Chris Livingston,REB,1.1428571428571428,1.772810520855837
Chris Livingston,AST,0.14285714285714285,0.37796447300922725
Chris Livingston,PRA,2.5714285714285716,3.8234863173611098
Kevon Looney,PTS,3.857142857142857,2.9680841985233184
Kevon Looney,REB,4.714285714285714,3.251373336211726
Kevon Looney,AST,0.8571428571428571,0.8997354108424372
Kevon Looney,PRA,9.428571428571429,4.825527358301296
Brook Lopez,PTS,15.285714285714286,5.056820005836531
Brook Lopez,REB,4.857142857142857,2.6095064302514777
Brook Lopez,AST,1.1428571428571428,1.3451854182690988
Brook Lopez,PRA,21.285714285714285,6.921326600064608
Kevin Love,PTS,7.428571428571429,6.267831705280087
Kevin Love,REB,6.142857142857143,5.9281411203561225
Kevin Love,AST,1.0,1.5275252316519468
Kevin Love,PRA,14.571428571428571,12.554642472768693
Kyle Lowry,PTS,8.714285714285714,7.20449595077698
Kyle Lowry,REB,2.7142857142857144,1.889822365046136
Kyle Lowry,AST,5.142857142857143,3.1847852585154217
Kyle Lowry,PRA,16.571428571428573,8.323804075404123
Sandro Mamukelashvili,PTS,11.571428571428571,7.184639700016112
Sandro Mamukelashvili,REB,9.714285714285714,3.638419332360584
Sandro Mamukelashvili,AST,2.142857142857143,1.0690449676496976
Sandro Mamukelashvili,PRA,23.428571428571427,7.976154939508611
Terance Mann,PTS,12.571428571428571,8.017837257372731
Terance Mann,REB,4.428571428571429,2.878491668515698
Terance Mann,AST,1.1428571428571428,1.0690449676496976
Terance Mann,PRA,18.142857142857142,10.745984853711198
Tre Mann,PTS,13.285714285714286,4.423960733486292
Tre Mann,REB,3.857142857142857,0.8997354108424372
Tre Mann,AST,5.714285714285714,1.889822365046136
Tre Mann,PRA,22.857142857142858,5.727959829601095
Lauri Markkanen,PTS,22.285714285714285,7.064330251677218
Lauri Markkanen,REB,5.571428571428571,3.2071349029490928
Lauri Markkanen,AST,1.8571428571428572,2.0354009783964293
Lauri Markkanen,PRA,29.714285714285715,9.569296137722386
Naji Marshall,PTS,4.0,2.886751345948129
Naji Marshall,REB,2.857142857142857,1.4638501094227998
Naji Marshall,AST,1.1428571428571428,1.0690449676496976
Naji Marshall,PRA,8.0,4.396968652757639
Caleb Martin,PTS,9.285714285714286,6.77530529974568
Caleb Martin,REB,3.142857142857143,1.6761634196950514
Caleb Martin,AST,3.0,1.4142135623730951
Caleb Martin,PRA,15.428571428571429,7.590721152765896
Cody Martin,PTS,6.857142857142857,3.532165125838609
Cody Martin,REB,4.714285714285714,1.7994708216848745
Cody Martin,AST,4.714285714285714,2.9277002188455996
Cody Martin,PRA,16.285714285714285,5.282495802626056
Bennedict Mathurin,PTS,17.714285714285715,7.476948702830714
Bennedict Mathurin,REB,5.0,3.9157800414902435
Bennedict Mathurin,AST,3.0,2.0816659994661326
Bennedict Mathurin,PRA,25.714285714285715,10.904346009952267
Tyrese Maxey,PTS,27.428571428571427,14.420554113916046
Tyrese Maxey,REB,4.142857142857143,2.9680841985233184
Tyrese Maxey,AST,6.857142857142857,3.38765264987284
Tyrese Maxey,PRA,38.42857142857143,17.37677705883289
Miles McBride,PTS,11.285714285714286,7.696628822938991
Miles McBride,REB,2.7142857142857144,2.2146697055682827
Miles McBride,AST,2.4285714285714284,0.9759000729485333
Miles McBride,PRA,16.428571428571427,8.772250620700536
CJ McCollum,PTS,30.142857142857142,3.38765264987284
CJ McCollum,REB,5.428571428571429,2.14919697074224
CJ McCollum,AST,5.0,1.5275252316519468
CJ McCollum,PRA,40.57142857142857,4.68533680244878
T.J. McConnell,PTS,15.142857142857142,4.705619740571601
T.J. McConnell,REB,2.857142857142857,1.6761634196950517
T.J. McConnell,AST,7.142857142857143,1.7728105208558367
T.J. McConnell,PRA,25.142857142857142,4.947341758580104
Jaden McDaniels,PTS,8.571428571428571,2.0701966780270626
Jaden McDaniels,REB,2.7142857142857144,1.6035674514745462
Jaden McDaniels,AST,1.7142857142857142,0.7559289460184545
Jaden McDaniels,PRA,13.0,3.559026084010437
Doug McDermott,PTS,4.285714285714286,5.437961803049795
Doug McDermott,REB,0.42857142857142855,0.5345224838248487
Doug McDermott,AST,0.42857142857142855,0.5345224838248487
Doug McDermott,PRA,5.142857142857143,6.229729031789731
Bryce McGowens,PTS,5.714285714285714,6.2905825303725695
Bryce McGowens,REB,1.4285714285714286,1.2724180205607036
Bryce McGowens,AST,0.7142857142857143,1.496026483086191
Bryce McGowens,PRA,7.857142857142857,8.706866474772873
Jordan McLaughlin,PTS,3.5714285714285716,2.5727509827124
Jordan McLaughlin,REB,1.0,1.1547005383792515
Jordan McLaughlin,AST,2.142857142857143,2.410295378065479
Jordan McLaughlin,PRA,6.714285714285714,4.990467102863408
De'Anthony Melton,PTS,6.714285714285714,5.154748157905347
De'Anthony Melton,REB,2.2857142857142856,1.2535663410560174
De'Anthony Melton,AST,2.0,1.0
De'Anthony Melton,PRA,11.0,6.60807586719967
Sam Merrill,PTS,7.571428571428571,8.100558475750152
Sam Merrill,REB,1.5714285714285714,1.618347187425374
Sam Merrill,AST,1.8571428571428572,1.6761634196950517
Sam Merrill,PRA,11.0,10.954451150103322
Khris Middleton,PTS,16.857142857142858,6.466028441750299
Khris Middleton,REB,5.714285714285714,1.9760470401187074
Khris Middleton,AST,5.714285714285714,2.0586634591635513
Khris Middleton,PRA,28.285714285714285,8.845230083954585
Brandon Miller,PTS,20.285714285714285,7.8041502999853805
Brandon Miller,REB,3.857142857142857,1.7728105208558367
Brandon Miller,AST,2.142857142857143,1.4638501094227998
Brandon Miller,PRA,26.285714285714285,9.322272357358043
Jordan Miller,PTS,1.5714285714285714,1.618347187425374
Jordan Miller,REB,0.7142857142857143,0.7559289460184544
Jordan Miller,AST,0.0,1.0
Jordan Miller,PRA,2.2857142857142856,1.9760470401187076
Leonard Miller,PTS,2.0,2.0816659994661326
Leonard Miller,REB,1.1428571428571428,1.0690449676496974
Leonard Miller,AST,0.42857142857142855,0.7867957924694431
Leonard Miller,PRA,3.5714285714285716,3.2071349029490928
Josh Minott,PTS,1.7142857142857142,1.889822365046136
Josh Minott,REB,0.5714285714285714,1.1338934190276817
Josh Minott,AST,0.5714285714285714,0.7867957924694431
Josh Minott,PRA,2.857142857142857,3.0783421635988546
Davion Mitchell,PTS,9.142857142857142,3.8047589248453675
Davion Mitchell,REB,2.2857142857142856,2.0586634591635513
Davion Mitchell,AST,3.142857142857143,1.4638501094227998
Davion Mitchell,PRA,14.571428571428571,5.159365040297848
Donovan Mitchell,PTS,19.142857142857142,9.335033858688309
Donovan Mitchell,REB,3.142857142857143,1.5735915849388864
Donovan Mitchell,AST,5.428571428571429,2.5727509827124
Donovan Mitchell,PRA,27.714285714285715,10.061714328984662
Evan Mobley,PTS,15.285714285714286,5.056820005836531
Evan Mobley,REB,6.857142857142857,2.9113897843110044
Evan Mobley,AST,3.5714285714285716,1.618347187425374
Evan Mobley,PRA,25.714285714285715,7.341986237031632
Malik Monk,PTS,12.571428571428571,9.93071234197465
Malik Monk,REB,2.7142857142857144,1.9760470401187074
Malik Monk,AST,3.4285714285714284,1.9880595947760098
Malik Monk,PRA,18.714285714285715,12.31143487053514
Moses Moody,PTS,7.428571428571429,3.309438162646486
Moses Moody,REB,2.5714285714285716,1.7182493859684491
Moses Moody,AST,1.4285714285714286,0.5345224838248488
Moses Moody,PRA,11.428571428571429,4.429339411136565
Wendell Moore Jr.,PTS,1.1428571428571428,1.5735915849388862
Wendell Moore Jr.,REB,0.8571428571428571,1.2149857925879117
Wendell Moore Jr.,AST,0.5714285714285714,0.7867957924694431
Wendell Moore Jr.,PRA,2.5714285714285716,2.878491668515698
Ja Morant,PTS,24.571428571428573,5.563486402641868
Ja Morant,REB,5.571428571428571,1.7182493859684491
Ja Morant,AST,8.142857142857142,2.734262327610589
Ja Morant,PRA,38.285714285714285,8.138678961483567
Monté Morris,PTS,5.142857142857143,4.740906081772816
Monté Morris,REB,2.4285714285714284,1.618347187425374
Monté Morris,AST,2.0,2.0
Monté Morris,PRA,9.571428571428571,7.020378500174637
Trey Murphy III,PTS,19.428571428571427,7.807200583588266
Trey Murphy III,REB,6.142857142857143,2.1157009420498154
Trey Murphy III,AST,2.7142857142857144,0.9511897312113419
Trey Murphy III,PRA,28.285714285714285,9.5343988748511
Dejounte Murray,PTS,20.571428571428573,7.785823502947368
Dejounte Murray,REB,5.714285714285714,3.728908942943218
Dejounte Murray,AST,7.571428571428571,4.27617987059879
Dejounte Murray,PRA,33.857142857142854,11.378760498234879
Jamal Murray,PTS,23.0,6.531972647421808
Jamal Murray,REB,4.285714285714286,1.4960264830861911
Jamal Murray,AST,5.571428571428571,2.5727509827124
Jamal Murray,PRA,32.857142857142854,5.756983337031395
Keegan Murray,PTS,16.571428571428573,4.503966505838414
Keegan Murray,REB,6.571428571428571,3.101458950082625
Keegan Murray,AST,1.7142857142857142,1.7043362064926932
Keegan Murray,PRA,24.857142857142858,4.450789122113494
Kris Murray,PTS,10.857142857142858,2.9680841985233184
Kris Murray,REB,7.0,5.066228051190222
Kris Murray,AST,1.1428571428571428,1.0690449676496976
Kris Murray,PRA,19.0,5.32290647422377
Svi Mykhailiuk,PTS,8.285714285714286,8.320943169983511
Svi Mykhailiuk,REB,2.142857142857143,1.5735915849388864
Svi Mykhailiuk,AST,1.8571428571428572,1.5735915849388864
Svi Mykhailiuk,PRA,12.285714285714286,11.010817192111368
Pete Nance,PTS,0.42857142857142855,1.1338934190276817
Pete Nance,REB,0.42857142857142855,0.5345224838248487
Pete Nance,AST,0.0,1.0
Pete Nance,PRA,0.8571428571428571,1.4638501094227998
Larry Nance Jr.,PTS,6.571428571428571,4.035556254807295
Larry Nance Jr.,REB,4.571428571428571,2.5071326821120348
Larry Nance Jr.,AST,3.2857142857142856,2.4299715851758235
Larry Nance Jr.,PRA,14.428571428571429,7.546680127869535
Andrew Nembhard,PTS,8.0,2.516611478423583
Andrew Nembhard,REB,2.142857142857143,0.37796447300922725
Andrew Nembhard,AST,4.428571428571429,2.2253945610567474
Andrew Nembhard,PRA,14.571428571428571,3.4086724129853865
Aaron Nesmith,PTS,12.0,3.9157800414902435
Aaron Nesmith,REB,4.428571428571429,0.9759000729485331
Aaron Nesmith,AST,1.2857142857142858,1.1126972805283737
Aaron Nesmith,PRA,17.714285714285715,4.572172558506722
Georges Niang,PTS,7.285714285714286,5.677860093212516
Georges Niang,REB,2.2857142857142856,1.3801311186847083
Georges Niang,AST,0.8571428571428571,0.6900655593423541
Georges Niang,PRA,10.428571428571429,5.593363414414827
Zeke Nnaji,PTS,3.5714285714285716,2.5727509827124
Zeke Nnaji,REB,2.7142857142857144,1.7043362064926935
Zeke Nnaji,AST,0.5714285714285714,0.7867957924694432
Zeke Nnaji,PRA,6.857142857142857,4.140393356054125
Jusuf Nurkić,PTS,8.142857142857142,5.814595756329395
Jusuf Nurkić,REB,12.571428571428571,5.255382728122436
Jusuf Nurkić,AST,6.142857142857143,2.340126166724879
Jusuf Nurkić,PRA,26.857142857142858,8.764104278791063
Royce O'Neale,PTS,7.857142857142857,6.362090102803518
Royce O'Neale,REB,4.857142857142857,3.338091841585121
Royce O'Neale,AST,2.4285714285714284,1.7182493859684491
Royce O'Neale,PRA,15.142857142857142,10.172324733127157
Josh Okogie,PTS,2.4285714285714284,3.101458950082625
Josh Okogie,REB,1.2857142857142858,0.9511897312113419
Josh Okogie,AST,0.5714285714285714,0.7867957924694432
Josh Okogie,PRA,4.285714285714286,4.4986770542121866
Onyeka Okongwu,PTS,14.142857142857142,5.047394424471945
Onyeka Okongwu,REB,7.0,3.265986323710904
Onyeka Okongwu,AST,1.4285714285714286,0.9759000729485331
Onyeka Okongwu,PRA,22.571428571428573,7.2768386647211685
Isaac Okoro,PTS,8.428571428571429,3.9096949095440023
Isaac Okoro,REB,2.5714285714285716,1.7182493859684491
Isaac Okoro,AST,1.2857142857142858,2.3603873774083297
Isaac Okoro,PRA,12.285714285714286,6.993193970194299
Kelly Olynyk,PTS,15.142857142857142,5.30498417932204
Kelly Olynyk,REB,7.428571428571429,2.14919697074224
Kelly Olynyk,AST,4.857142857142857,3.0783421635988546
Kelly Olynyk,PRA,27.428571428571427,5.883795341363228
Kelly Oubre Jr.,PTS,18.857142857142858,6.03955217513604
Kelly Oubre Jr.,REB,6.285714285714286,2.138089935299395
Kelly Oubre Jr.,AST,2.0,2.23606797749979
Kelly Oubre Jr.,PRA,27.142857142857142,8.668497975016036
Chris Paul,PTS,9.0,2.0
Chris Paul,REB,3.5714285714285716,1.7182493859684491
Chris Paul,AST,6.428571428571429,2.370453040886408
Chris Paul,PRA,19.0,4.618802153517006
Gary Payton II,PTS,7.571428571428571,3.4572215654165053
Gary Payton II,REB,2.0,0.816496580927726
Gary Payton II,AST,0.8571428571428571,0.6900655593423541
Gary Payton II,PRA,10.428571428571429,3.101458950082625
Julian Phillips,PTS,3.7142857142857144,4.191828786034631
Julian Phillips,REB,1.4285714285714286,1.511857892036909
Julian Phillips,AST,0.2857142857142857,0.7559289460184545
Julian Phillips,PRA,5.428571428571429,5.126959555693246
Jalen Pickett,PTS,1.1428571428571428,2.0354009783964297
Jalen Pickett,REB,0.42857142857142855,0.7867957924694431
Jalen Pickett,AST,1.0,0.5773502691896257
Jalen Pickett,PRA,2.5714285714285716,2.760262237369417
Scotty Pippen Jr.,PTS,17.285714285714285,7.134757312253999
Scotty Pippen Jr.,REB,3.7142857142857144,1.7994708216848745
Scotty Pippen Jr.,AST,5.571428571428571,1.3972762620115438
Scotty Pippen Jr.,PRA,26.571428571428573,8.383657572069263
Mason Plumlee,PTS,4.857142857142857,4.336994790119514
Mason Plumlee,REB,5.714285714285714,4.923220007078217
Mason Plumlee,AST,1.7142857142857142,1.7994708216848745
Mason Plumlee,PRA,12.285714285714286,10.719363875937876
Brandin Podziemski,PTS,9.714285714285714,4.680252333449758
Brandin Podziemski,REB,5.285714285714286,2.3603873774083293
Brandin Podziemski,AST,3.142857142857143,1.864454471471609
Brandin Podziemski,PRA,18.142857142857142,6.309478885734052
Jakob Poeltl,PTS,12.571428571428571,4.2370250120079485
Jakob Poeltl,REB,9.428571428571429,4.035556254807295
Jakob Poeltl,AST,3.7142857142857144,1.7043362064926932
Jakob Poeltl,PRA,25.714285714285715,7.1813249871753175
Jordan Poole,PTS,21.0,7.745966692414834
Jordan Poole,REB,3.5714285714285716,0.9759000729485333
Jordan Poole,AST,8.428571428571429,3.101458950082625
Jordan Poole,PRA,33.0,8.602325267042627
Craig Porter Jr.,PTS,3.0,3.872983346207417
Craig Porter Jr.,REB,1.1428571428571428,1.6761634196950517
Craig Porter Jr.,AST,1.5714285714285714,1.8126539343499315
Craig Porter Jr.,PRA,5.714285714285714,6.799859942535231
Michael Porter Jr.,PTS,15.0,3.0
Michael Porter Jr.,REB,7.0,4.58257569495584
Michael Porter Jr.,AST,1.7142857142857142,1.4960264830861911
Michael Porter Jr.,PRA,23.714285714285715,6.102302453836194
Bobby Portis,PTS,18.285714285714285,8.035634920242991
Bobby Portis,REB,8.428571428571429,1.902379462422684
Bobby Portis,AST,2.142857142857143,0.8997354108424372
Bobby Portis,PRA,28.857142857142858,7.904188160474829
Kristaps Porziņģis,PTS,18.857142857142858,4.845223470201398
Kristaps Porziņģis,REB,9.285714285714286,1.9760470401187071
Kristaps Porziņģis,AST,2.7142857142857144,1.3801311186847085
Kristaps Porziņģis,PRA,30.857142857142858,6.669047194029329
Dwight Powell,PTS,1.4285714285714286,1.5118578920369088
Dwight Powell,REB,3.857142857142857,3.7161167647860327
Dwight Powell,AST,1.0,1.4142135623730951
Dwight Powell,PRA,6.285714285714286,6.26403186758299
Norman Powell,PTS,12.857142857142858,4.913538149119954
Norman Powell,REB,2.4285714285714284,1.3972762620115438
Norman Powell,AST,1.1428571428571428,0.8997354108424372
Norman Powell,PRA,16.428571428571427,4.928053803045811
Taurean Prince,PTS,8.142857142857142,5.0142653642240695
Taurean Prince,REB,3.5714285714285716,2.14919697074224
Taurean Prince,AST,1.4285714285714286,1.7182493859684491
Taurean Prince,PRA,13.142857142857142,6.309478885734052
Payton Pritchard,PTS,20.428571428571427,11.088389466120901
Payton Pritchard,REB,3.7142857142857144,2.563479777846623
Payton Pritchard,AST,7.285714285714286,3.5456210417116734
Payton Pritchard,PRA,31.428571428571427,15.830952201906479
Olivier-Maxence Prosper,PTS,5.428571428571429,7.067699834626605
Olivier-Maxence Prosper,REB,2.4285714285714284,3.25868802112869
Olivier-Maxence Prosper,AST,0.42857142857142855,0.5345224838248487
Olivier-Maxence Prosper,PRA,8.285714285714286,10.531132982958763
Neemias Queta,PTS,8.142857142857142,7.151423434733616
Neemias Queta,REB,4.571428571428571,3.1547394428670255
Neemias Queta,AST,1.2857142857142858,1.7994708216848745
Neemias Queta,PRA,14.0,10.739335795724674
Immanuel Quickley,PTS,21.571428571428573,7.9342536480995465
Immanuel Quickley,REB,5.714285714285714,3.3022358947782493
Immanuel Quickley,AST,7.142857142857143,3.38765264987284
Immanuel Quickley,PRA,34.42857142857143,13.074875944053195
Julius Randle,PTS,21.571428571428573,6.373307431706682
Julius Randle,REB,9.0,3.265986323710904
Julius Randle,AST,6.0,2.449489742783178
Julius Randle,PRA,36.57142857142857,7.699721701835351
Duop Reath,PTS,8.0,4.654746681256314
Duop Reath,REB,4.285714285714286,1.3801311186847085
Duop Reath,AST,0.5714285714285714,0.7867957924694431
Duop Reath,PRA,12.857142857142858,4.980915960897534
Austin Reaves,PTS,14.142857142857142,5.814595756329395
Austin Reaves,REB,3.0,2.309401076758503
Austin Reaves,AST,3.857142857142857,2.193062655175134
Austin Reaves,PRA,21.0,7.234178138070235
Paul Reed,PTS,8.714285714285714,3.251373336211726
Paul Reed,REB,7.0,3.366501646120693
Paul Reed,AST,2.142857142857143,2.1930626551751344
Paul Reed,PRA,17.857142857142858,7.5813053279887415
Naz Reid,PTS,15.285714285714286,9.638711630957838
Naz Reid,REB,6.285714285714286,3.6384193323605842
Naz Reid,AST,1.2857142857142858,0.7559289460184545
Naz Reid,PRA,22.857142857142858,11.978154719162317
Nick Richards,PTS,9.571428571428571,1.9023794624226837
Nick Richards,REB,5.142857142857143,3.1847852585154217
Nick Richards,AST,0.5714285714285714,0.5345224838248488
Nick Richards,PRA,15.285714285714286,4.309458036856673
Duncan Robinson,PTS,8.142857142857142,10.172324733127157
Duncan Robinson,REB,2.7142857142857144,1.3801311186847083
Duncan Robinson,AST,1.4285714285714286,1.7182493859684491
Duncan Robinson,PRA,12.285714285714286,12.49952380045317
Mitchell Robinson,PTS,4.0,5.291502622129181
Mitchell Robinson,REB,4.571428571428571,2.760262237369417
Mitchell Robinson,AST,0.42857142857142855,0.7867957924694431
Mitchell Robinson,PRA,9.0,7.483314773547883
Orlando Robinson,PTS,0.0,1.0
Orlando Robinson,REB,0.42857142857142855,0.5345224838248487
Orlando Robinson,AST,0.42857142857142855,0.7867957924694431
Orlando Robinson,PRA,0.8571428571428571,1.2149857925879117
Jeremiah Robinson-Earl,PTS,1.0,1.2909944487358056
Jeremiah Robinson-Earl,REB,1.4285714285714286,1.618347187425374
Jeremiah Robinson-Earl,AST,0.14285714285714285,0.37796447300922725
Jeremiah Robinson-Earl,PRA,2.5714285714285716,1.9880595947760098
Ryan Rollins,PTS,2.0,2.516611478423583
Ryan Rollins,REB,0.42857142857142855,0.7867957924694431
Ryan Rollins,AST,0.5714285714285714,0.7867957924694431
Ryan Rollins,PRA,3.0,3.1091263510296048
Terry Rozier,PTS,19.571428571428573,9.846440014156434
Terry Rozier,REB,3.0,1.632993161855452
Terry Rozier,AST,3.142857142857143,1.4638501094227998
Terry Rozier,PRA,25.714285714285715,11.010817192111366
Rayan Rupert,PTS,5.571428571428571,3.309438162646486
Rayan Rupert,REB,4.428571428571429,1.7182493859684491
Rayan Rupert,AST,3.0,2.0
Rayan Rupert,PRA,13.0,4.932882862316247
D'Angelo Russell,PTS,17.571428571428573,7.849780100044053
D'Angelo Russell,REB,3.2857142857142856,2.0586634591635513
D'Angelo Russell,AST,6.142857142857143,3.625307868699863
D'Angelo Russell,PRA,27.0,6.95221787153807
Domantas Sabonis,PTS,17.142857142857142,4.980915960897534
Domantas Sabonis,REB,13.285714285714286,3.5456210417116734
Domantas Sabonis,AST,7.0,2.0816659994661326
Domantas Sabonis,PRA,37.42857142857143,7.435436388384631
Gui Santos,PTS,3.2857142857142856,4.680252333449759
Gui Santos,REB,0.8571428571428571,1.864454471471609
Gui Santos,AST,0.5714285714285714,0.7867957924694431
Gui Santos,PRA,4.714285714285714,6.9213266000646065
Marcus Sasser,PTS,14.571428571428571,7.390470053998435
Marcus Sasser,REB,2.0,1.1547005383792515
Marcus Sasser,AST,4.571428571428571,1.7182493859684491
Marcus Sasser,PRA,21.142857142857142,8.15329322888552
Dennis Schröder,PTS,15.571428571428571,8.695921320886455
Dennis Schröder,REB,5.142857142857143,1.6761634196950514
Dennis Schröder,AST,6.571428571428571,2.760262237369417
Dennis Schröder,PRA,27.285714285714285,10.24230256850294
Alperen Sengun,PTS,21.857142857142858,11.553189623484524
Alperen Sengun,REB,10.571428571428571,5.503245795502349
Alperen Sengun,AST,5.285714285714286,4.191828786034631
Alperen Sengun,PRA,37.714285714285715,17.46152232495099
Brice Sensabaugh,PTS,12.142857142857142,5.9841059323447645
Brice Sensabaugh,REB,4.428571428571429,1.618347187425374
Brice Sensabaugh,AST,2.0,1.4142135623730951
Brice Sensabaugh,PRA,18.571428571428573,8.202786982831768
Collin Sexton,PTS,20.428571428571427,5.912053869204927
Collin Sexton,REB,2.7142857142857144,1.6035674514745462
Collin Sexton,AST,5.714285714285714,2.2886885410853175
Collin Sexton,PRA,28.857142857142858,7.7336617335854445
Landry Shamet,PTS,6.714285714285714,6.4990841845674865
Landry Shamet,REB,1.2857142857142858,1.7043362064926935
Landry Shamet,AST,0.8571428571428571,0.8997354108424372
Landry Shamet,PRA,8.857142857142858,7.904188160474829
Day'Ron Sharpe,PTS,4.285714285714286,2.690370836538197
Day'Ron Sharpe,REB,5.428571428571429,3.309438162646486
Day'Ron Sharpe,AST,0.5714285714285714,0.7867957924694431
Day'Ron Sharpe,PRA,10.285714285714286,4.820590756130958
Shaedon Sharpe,PTS,10.571428571428571,7.138093649734567
Shaedon Sharpe,REB,3.142857142857143,2.1157009420498154
Shaedon Sharpe,AST,1.2857142857142858,1.3801311186847085
Shaedon Sharpe,PRA,15.0,8.04155872120988
Ben Sheppard,PTS,5.714285714285714,3.817254061682111
Ben Sheppard,REB,2.0,1.1547005383792515
Ben Sheppard,AST,1.4285714285714286,0.7867957924694431
Ben Sheppard,PRA,9.142857142857142,4.336994790119514
Pascal Siakam,PTS,20.428571428571427,4.928053803045811
Pascal Siakam,REB,7.0,1.632993161855452
Pascal Siakam,AST,1.8571428571428572,0.8997354108424372
Pascal Siakam,PRA,29.285714285714285,5.282495802626057
Anfernee Simons,PTS,21.142857142857142,10.915257997081751
Anfernee Simons,REB,3.7142857142857144,2.058663459163551
Anfernee Simons,AST,6.0,2.943920288775949
Anfernee Simons,PRA,30.857142857142858,14.39245834257849
Jericho Sims,PTS,0.42857142857142855,0.7867957924694431
Jericho Sims,REB,2.2857142857142856,2.4299715851758235
Jericho Sims,AST,0.42857142857142855,0.7867957924694431
Jericho Sims,PRA,3.142857142857143,2.853569193634026
Marcus Smart,PTS,17.428571428571427,9.641181512261916
Marcus Smart,REB,3.142857142857143,1.864454471471609
Marcus Smart,AST,3.2857142857142856,2.4299715851758235
Marcus Smart,PRA,23.857142857142858,11.451762185046332
Dru Smith,PTS,4.0,4.864839839775475
Dru Smith,REB,1.7142857142857142,1.7043362064926932
Dru Smith,AST,1.4285714285714286,1.618347187425374
Dru Smith,PRA,7.142857142857143,7.335497516155521
Jalen Smith,PTS,9.142857142857142,5.047394424471945
Jalen Smith,REB,5.428571428571429,3.505098327538656
Jalen Smith,AST,1.1428571428571428,1.0690449676496976
Jalen Smith,PRA,15.714285714285714,8.138678961483567
Jabari Smith Jr.,PTS,14.857142857142858,6.669047194029329
Jabari Smith Jr.,REB,6.142857142857143,2.4784787961282104
Jabari Smith Jr.,AST,2.857142857142857,1.2149857925879117
Jabari Smith Jr.,PRA,23.857142857142858,7.5813053279887415
Nick Smith Jr.,PTS,6.857142857142857,9.136530549184984
Nick Smith Jr.,REB,1.7142857142857142,2.3603873774083297
Nick Smith Jr.,AST,1.0,1.1547005383792515
Nick Smith Jr.,PRA,9.571428571428571,12.421180068162377
Jeremy Sochan,PTS,11.0,8.205689083394114
Jeremy Sochan,REB,8.428571428571429,5.740416444159862
Jeremy Sochan,AST,2.857142857142857,1.864454471471609
Jeremy Sochan,PRA,22.285714285714285,13.11124562750473
Pat Spencer,PTS,0.6666666666666666,1.0327955589886446
Pat Spencer,REB,0.6666666666666666,1.632993161855452
Pat Spencer,AST,0.8333333333333334,1.1690451944500122
Pat Spencer,PRA,2.1666666666666665,3.5449494589721118
Isaiah Stewart,PTS,9.571428571428571,3.779644730092272
Isaiah Stewart,REB,5.571428571428571,2.439750182371333
Isaiah Stewart,AST,0.7142857142857143,0.7559289460184544
Isaiah Stewart,PRA,15.857142857142858,4.059087394500207
Julian Strawther,PTS,0.7142857142857143,1.889822365046136
Julian Strawther,REB,1.0,1.4142135623730951
Julian Strawther,AST,0.5714285714285714,1.133893419027682
Julian Strawther,PRA,2.2857142857142856,4.347960660443228
Max Strus,PTS,11.142857142857142,5.3363086938623105
Max Strus,REB,6.714285714285714,3.093772546815388
Max Strus,AST,6.857142857142857,3.4364987719368982
Max Strus,PRA,24.714285714285715,8.118174789000413
Jalen Suggs,PTS,13.857142857142858,7.197883286739498
Jalen Suggs,REB,2.7142857142857144,1.1126972805283737
Jalen Suggs,AST,2.7142857142857144,1.7043362064926935
Jalen Suggs,PRA,19.285714285714285,7.761320457119087
Jae'Sean Tate,PTS,2.5714285714285716,3.4572215654165057
Jae'Sean Tate,REB,1.7142857142857142,1.6035674514745462
Jae'Sean Tate,AST,0.7142857142857143,0.9511897312113418
Jae'Sean Tate,PRA,5.0,5.41602560309064
Jayson Tatum,PTS,22.857142857142858,4.670066788550653
Jayson Tatum,REB,7.714285714285714,3.147183169877773
Jayson Tatum,AST,5.0,1.4142135623730951
Jayson Tatum,PRA,35.57142857142857,7.4129873163510105
Garrett Temple,PTS,5.285714285714286,2.3603873774083293
Garrett Temple,REB,2.5714285714285716,1.618347187425374
Garrett Temple,AST,1.7142857142857142,2.7516228977511745
Garrett Temple,PRA,9.571428571428571,4.961758520831865
Dalen Terry,PTS,6.142857142857143,6.1759903774906535
Dalen Terry,REB,2.5714285714285716,2.4397501823713332
Dalen Terry,AST,1.7142857142857142,2.8702082220799308
Dalen Terry,PRA,10.428571428571429,9.658452996505925
Cam Thomas,PTS,26.285714285714285,7.91021039994693
Cam Thomas,REB,3.2857142857142856,1.799470821684875
Cam Thomas,AST,2.4285714285714284,2.2253945610567474
Cam Thomas,PRA,32.0,9.72967967955095
Amen Thompson,PTS,12.142857142857142,4.913538149119954
Amen Thompson,REB,8.571428571428571,4.117326918327103
Amen Thompson,AST,4.571428571428571,2.819996622760558
Amen Thompson,PRA,25.285714285714285,11.025943432261414
Ausar Thompson,PTS,10.0,4.08248290463863
Ausar Thompson,REB,6.142857142857143,1.3451854182690985
Ausar Thompson,AST,2.142857142857143,1.2149857925879117
Ausar Thompson,PRA,18.285714285714285,6.156684327197709
Klay Thompson,PTS,23.142857142857142,6.8660656232559525
Klay Thompson,REB,3.2857142857142856,1.889822365046136
Klay Thompson,AST,2.7142857142857144,1.1126972805283737
Klay Thompson,PRA,29.142857142857142,7.861903319777203
Matisse Thybulle,PTS,5.142857142857143,4.525062483125562
Matisse Thybulle,REB,2.5714285714285716,1.7182493859684491
Matisse Thybulle,AST,2.0,1.7320508075688772
Matisse Thybulle,PRA,9.714285714285714,7.341986237031632
Xavier Tillman,PTS,5.285714285714286,3.903600291794133
Xavier Tillman,REB,2.0,2.0
Xavier Tillman,AST,1.1428571428571428,0.6900655593423541
Xavier Tillman,PRA,8.428571428571429,5.255382728122436
Jacob Toppin,PTS,1.8571428571428572,4.099941927579439
Jacob Toppin,REB,1.0,1.5275252316519468
Jacob Toppin,AST,0.42857142857142855,0.5345224838248487
Jacob Toppin,PRA,3.2857142857142856,5.468524655221179
Obi Toppin,PTS,13.714285714285714,4.956957592256421
Obi Toppin,REB,4.714285714285714,2.627691364061218
Obi Toppin,AST,2.5714285714285716,1.7182493859684491
Obi Toppin,PRA,21.0,5.94418483337567
Karl-Anthony Towns,PTS,16.142857142857142,6.20291790016525
Karl-Anthony Towns,REB,7.142857142857143,2.544836041121407
Karl-Anthony Towns,AST,4.285714285714286,2.870208222079931
Karl-Anthony Towns,PRA,27.571428571428573,8.383657572069263
Gary Trent Jr.,PTS,19.0,7.2571803523590805
Gary Trent Jr.,REB,3.4285714285714284,2.070196678027062
Gary Trent Jr.,AST,3.142857142857143,1.9518001458970662
Gary Trent Jr.,PRA,25.571428571428573,9.235026490796564
Oscar Tshiebwe,PTS,3.5714285714285716,2.14919697074224
Oscar Tshiebwe,REB,2.142857142857143,2.1930626551751344
Oscar Tshiebwe,AST,0.2857142857142857,0.48795003647426655
Oscar Tshiebwe,PRA,6.0,4.0
Myles Turner,PTS,17.285714285714285,7.476948702830715
Myles Turner,REB,7.0,3.9157800414902435
Myles Turner,AST,1.5714285714285714,1.902379462422684
Myles Turner,PRA,25.857142857142858,10.58975245899814
Hunter Tyson,PTS,1.7142857142857142,1.8898223650461359
Hunter Tyson,REB,0.0,1.0
Hunter Tyson,AST,0.14285714285714285,0.37796447300922725
Hunter Tyson,PRA,1.8571428571428572,2.193062655175134
Jonas Valančiūnas,PTS,10.714285714285714,8.077010290825141
Jonas Valančiūnas,REB,5.857142857142857,2.7945525240230875
Jonas Valančiūnas,AST,2.5714285714285716,2.5727509827124
Jonas Valančiūnas,PRA,19.142857142857142,12.375090187261552
Fred VanVleet,PTS,22.571428571428573,12.882250616735453
Fred VanVleet,REB,4.714285714285714,2.563479777846623
Fred VanVleet,AST,7.714285714285714,2.2886885410853175
Fred VanVleet,PRA,35.0,13.988090172238191
Jarred Vanderbilt,PTS,10.285714285714286,5.122313465427046
Jarred Vanderbilt,REB,5.428571428571429,3.2071349029490928
Jarred Vanderbilt,AST,2.0,1.7320508075688772
Jarred Vanderbilt,PRA,17.714285714285715,8.479667558622914
Devin Vassell,PTS,21.857142857142858,9.494359227607577
Devin Vassell,REB,3.5714285714285716,1.3972762620115438
Devin Vassell,AST,5.428571428571429,2.0701966780270626
Devin Vassell,PRA,30.857142857142858,10.854009572942333
Gabe Vincent,PTS,1.4285714285714286,1.9880595947760098
Gabe Vincent,REB,0.7142857142857143,0.48795003647426666
Gabe Vincent,AST,1.2857142857142858,0.9511897312113419
Gabe Vincent,PRA,3.4285714285714284,2.6367367999823097
Tristan Vukcevic,PTS,11.285714285714286,7.1813249871753175
Tristan Vukcevic,REB,4.428571428571429,3.1547394428670255
Tristan Vukcevic,AST,1.8571428571428572,1.3451854182690985
Tristan Vukcevic,PRA,17.571428571428573,9.324826054805577
Nikola Vučević,PTS,18.571428571428573,9.466733735510237
Nikola Vučević,REB,9.571428571428571,3.644957377763735
Nikola Vučević,AST,3.5714285714285716,1.9023794624226837
Nikola Vučević,PRA,31.714285714285715,10.160614904526952
Dean Wade,PTS,6.142857142857143,8.234653836654205
Dean Wade,REB,3.5714285714285716,2.14919697074224
Dean Wade,AST,0.8571428571428571,0.8997354108424372
Dean Wade,PRA,10.571428571428571,10.030904626156488
Franz Wagner,PTS,20.571428571428573,4.540820148282424
Franz Wagner,REB,4.857142857142857,1.6761634196950517
Franz Wagner,AST,2.857142857142857,1.4638501094227998
Franz Wagner,PRA,28.285714285714285,4.785891965429423
Moritz Wagner,PTS,11.428571428571429,4.466808810815721
Moritz Wagner,REB,3.857142857142857,1.5735915849388864
Moritz Wagner,AST,0.7142857142857143,0.7559289460184544
Moritz Wagner,PRA,16.0,5.686240703077327
Jabari Walker,PTS,12.428571428571429,4.859943170351647
Jabari Walker,REB,13.285714285714286,5.822779568622009
Jabari Walker,AST,1.5714285714285714,1.9023794624226837
Jabari Walker,PRA,27.285714285714285,9.638711630957838
Jarace Walker,PTS,3.142857142857143,3.6253078686998634
Jarace Walker,REB,1.8571428571428572,1.9518001458970664
Jarace Walker,AST,1.7142857142857142,2.4976179127511156
Jarace Walker,PRA,6.714285714285714,7.341986237031632
Cason Wallace,PTS,6.428571428571429,4.961758520831865
Cason Wallace,REB,2.142857142857143,1.3451854182690985
Cason Wallace,AST,2.4285714285714284,1.3972762620115438
Cason Wallace,PRA,11.0,5.5677643628300215
Jordan Walsh,PTS,2.142857142857143,2.7342623276105895
Jordan Walsh,REB,2.142857142857143,1.6761634196950517
Jordan Walsh,AST,0.5714285714285714,0.7867957924694431
Jordan Walsh,PRA,4.857142857142857,3.236694374850748
P.J. Washington,PTS,15.285714285714286,9.759000729485333
P.J. Washington,REB,6.714285714285714,3.199702367110922
P.J. Washington,AST,2.0,1.1547005383792515
P.J. Washington,PRA,24.0,10.198039027185569
Lindy Waters III,PTS,7.857142857142857,3.933978962347216
Lindy Waters III,REB,1.4285714285714286,1.3972762620115438
Lindy Waters III,AST,1.1428571428571428,1.2149857925879117
Lindy Waters III,PRA,10.428571428571429,4.995235825502231
Trendon Watford,PTS,12.142857142857142,6.466028441750299
Trendon Watford,REB,5.714285714285714,4.3094580368566735
Trendon Watford,AST,2.2857142857142856,2.138089935299395
Trendon Watford,PRA,20.142857142857142,9.839183086492689
Peyton Watson,PTS,6.714285714285714,4.029651999626672
Peyton Watson,REB,5.142857142857143,2.6095064302514777
Peyton Watson,AST,1.8571428571428572,1.6761634196950514
Peyton Watson,PRA,13.714285714285714,5.407226205560041
Victor Wembanyama,PTS,28.142857142857142,8.820970684087087
Victor Wembanyama,REB,13.285714285714286,4.680252333449758
Victor Wembanyama,AST,6.571428571428571,1.511857892036909
Victor Wembanyama,PRA,48.0,11.88836966675134
Blake Wesley,PTS,6.857142857142857,6.09449400220044
Blake Wesley,REB,2.5714285714285716,2.2253945610567474
Blake Wesley,AST,3.142857142857143,1.9518001458970664
Blake Wesley,PRA,12.571428571428571,8.223080178318074
Russell Westbrook,PTS,12.571428571428571,5.533448076836686
Russell Westbrook,REB,5.714285714285714,4.7509397566616824
Russell Westbrook,AST,5.142857142857143,4.775931721614517
Russell Westbrook,PRA,23.428571428571427,12.326896647266128
Coby White,PTS,17.571428571428573,8.403514004215594
Coby White,REB,2.857142857142857,0.6900655593423541
Coby White,AST,4.142857142857143,1.772810520855837
Coby White,PRA,24.571428571428573,9.378293072429596
Derrick White,PTS,12.857142857142858,6.914443130833011
Derrick White,REB,3.857142857142857,3.0783421635988546
Derrick White,AST,4.714285714285714,2.3603873774083297
Derrick White,PRA,21.428571428571427,10.113640011673063
Cam Whitmore,PTS,13.142857142857142,6.25642526870234
Cam Whitmore,REB,3.857142857142857,1.8644544714716087
Cam Whitmore,AST,2.0,2.23606797749979
Cam Whitmore,PRA,19.0,9.41629792788369
Aaron Wiggins,PTS,12.428571428571429,7.807200583588266
Aaron Wiggins,REB,2.7142857142857144,1.7994708216848745
Aaron Wiggins,AST,2.7142857142857144,1.7994708216848745
Aaron Wiggins,PRA,17.857142857142858,9.15475416434127
Andrew Wiggins,PTS,15.142857142857142,6.309478885734052
Andrew Wiggins,REB,4.428571428571429,0.5345224838248488
Andrew Wiggins,AST,1.1428571428571428,1.2149857925879117
Andrew Wiggins,PRA,20.714285714285715,6.447590912226719
Brandon Williams,PTS,4.285714285714286,7.952238379104039
Brandon Williams,REB,0.8571428571428571,1.864454471471609
Brandon Williams,AST,0.7142857142857143,1.1126972805283737
Brandon Williams,PRA,5.857142857142857,10.823255385643321
Grant Williams,PTS,15.857142857142858,5.814595756329395
Grant Williams,REB,5.285714285714286,1.7043362064926932
Grant Williams,AST,5.571428571428571,2.819996622760558
Grant Williams,PRA,26.714285714285715,4.4986770542121866
Jalen Williams,PTS,17.0,8.582928793055823
Jalen Williams,REB,4.0,2.3804761428476167
Jalen Williams,AST,5.0,2.943920288775949
Jalen Williams,PRA,26.0,11.460075625114056
Jaylin Williams,PTS,6.285714285714286,2.2146697055682827
Jaylin Williams,REB,3.4285714285714284,2.878491668515698
Jaylin Williams,AST,2.142857142857143,1.3451854182690985
Jaylin Williams,PRA,11.857142857142858,4.705619740571601
Kenrich Williams,PTS,7.0,5.686240703077327
Kenrich Williams,REB,3.2857142857142856,2.984084768360628
Kenrich Williams,AST,2.2857142857142856,2.4299715851758235
Kenrich Williams,PRA,12.571428571428571,9.67569365053729
Mark Williams,PTS,11.428571428571429,4.07664661444276
Mark Williams,REB,10.0,5.0
Mark Williams,AST,0.7142857142857143,0.7559289460184544
Mark Williams,PRA,22.142857142857142,8.706866474772873
Patrick Williams,PTS,9.714285714285714,3.728908942943218
Patrick Williams,REB,3.2857142857142856,2.4299715851758235
Patrick Williams,AST,1.8571428571428572,2.410295378065479
Patrick Williams,PRA,14.857142857142858,4.947341758580104
Ziaire Williams,PTS,11.714285714285714,7.609517849690735
Ziaire Williams,REB,4.428571428571429,2.14919697074224
Ziaire Williams,AST,1.5714285714285714,1.3972762620115438
Ziaire Williams,PRA,17.714285714285715,9.621404708847278
Robert Williams III,PTS,6.833333333333333,1.834847859269718
Robert Williams III,REB,6.333333333333333,2.8047578623950176
Robert Williams III,AST,0.8333333333333334,0.983192080250175
Robert Williams III,PRA,14.0,3.794733192202055
Vince Williams Jr.,PTS,12.571428571428571,5.19156825558337
Vince Williams Jr.,REB,5.142857142857143,2.1157009420498154
Vince Williams Jr.,AST,5.571428571428571,2.0701966780270626
Vince Williams Jr.,PRA,23.285714285714285,7.227592630889987
Zion Williamson,PTS,23.571428571428573,7.546680127869536
Zion Williamson,REB,5.142857142857143,3.1847852585154217
Zion Williamson,AST,5.285714285714286,1.889822365046136
Zion Williamson,PRA,34.0,8.06225774829855
Jalen Wilson,PTS,7.571428571428571,3.598941643369749
Jalen Wilson,REB,5.285714285714286,2.563479777846623
Jalen Wilson,AST,1.1428571428571428,1.0690449676496976
Jalen Wilson,PRA,14.0,5.259911279353167
James Wiseman,PTS,7.714285714285714,6.945365018348225
James Wiseman,REB,7.428571428571429,4.720774754816659
James Wiseman,AST,1.2857142857142858,0.9511897312113419
James Wiseman,PRA,16.428571428571427,11.674147261608201
Trae Young,PTS,15.0,3.559026084010437
Trae Young,REB,3.0,0.816496580927726
Trae Young,AST,10.142857142857142,2.7945525240230875
Trae Young,PRA,28.142857142857142,4.525062483125562
Ivica Zubac,PTS,14.428571428571429,4.894116973712515
Ivica Zubac,REB,10.571428571428571,4.117326918327103
Ivica Zubac,AST,1.4285714285714286,0.9759000729485332
Ivica Zubac,PRA,26.428571428571427,7.913219801006895
Dario Šarić,PTS,2.5714285714285716,4.429339411136566
Dario Šarić,REB,1.4285714285714286,1.7182493859684491
Dario Šarić,AST,0.7142857142857143,0.7559289460184544
Dario Šarić,PRA,4.714285714285714,6.102302453836194
